john123,John White Smith,28,M,2018-11-03
jackpeters,Jack Peters,29,M,2018-11-04
smiller,Sharon Miller,30,F,2018-11-05
jenniesummers,Jennie Summers,33,F,2018-11-08
jackpeters,Jack Peters,29,M,2018-11-04
jenniesummers,Jennie Summers,33,F,2018-11-08
john123,John White Smith,28,M,2018-11-03
jackpeters,Jack Peters,29,M,2018-11-04
smiller,Sharon Miller,30,F,2018-11-05
jenniesummers,Jennie Summers,33,F,2018-11-08
john123,John White Smith,28,M,2018-11-03
jenniesummers,Jennie Summers,33,F,2018-11-08
john123,John White Smith,28,M,2018-11-03
jackpeters,Jack Peters,29,M,2018-11-04
smiller,Sharon Miller,30,F,2018-11-05
jenniesummers,Jennie Summers,33,F,2018-11-08
john123,John White Smith,21,M,2012-08-20
john123,John White Smith,21,M,2012-08-20
john123,John White Smith,21,M,2012-08-20
john123,John White Smith,21,M,2012-08-20
john123,John White Smith,21,M,2012-08-20
john123,John White Smith,28,M,2018-11-03
jackpeters,Jack Peters,29,M,2018-11-04
smiller,Sharon Miller,30,F,2018-11-05
jenniesummers,Jennie Summers,33,F,2018-11-08
john123,John White Smith,28,M,2018-11-03
jackpeters,Jack Peters,29,M,2018-11-04
smiller,Sharon Miller,30,F,2018-11-05
jenniesummers,Jennie Summers,33,F,2018-11-08
john123,John White Smith,28,M,2018-11-03
jackpeters,Jack Peters,29,M,2018-11-04
smiller,Sharon Miller,30,F,2018-11-05
jenniesummers,Jennie Summers,33,F,2018-11-08
john123,John White Smith,21,M,2012-08-20
john123,John White Smith,21,M,2012-08-20
john123,John White Smith,28,M,2018-11-03
jackpeters,Jack Peters,29,M,2018-11-04
smiller,Sharon Miller,30,F,2018-11-05
jenniesummers,Jennie Summers,33,F,2018-11-08
john123,John White Smith,28,M,2018-11-03
jackpeters,Jack Peters,29,M,2018-11-04
smiller,Sharon Miller,30,F,2018-11-05
jenniesummers,Jennie Summers,33,F,2018-11-08
john123,John White Smith,21,M,2012-08-20
john123,John White Smith,21,M,2012-08-20
john123,John White Smith,21,M,2012-08-20
john123,John White Smith,21,M,2012-08-20
john123,John White Smith,21,M,2012-08-20
john123,John White Smith,21,M,2012-08-20
john123,John White Smith,21,M,2012-08-20
john123,John White Smith,21,M,2012-08-20
john123,John White Smith,21,M,2012-08-20
john123,John White Smith,21,M,2012-08-20
john123,John White Smith,21,M,2012-08-20
john123,John White Smith,21,M,2012-08-20
john123,John White Smith,21,M,2012-08-20
john123,John White Smith,21,M,2012-08-20
john123,John White Smith,21,M,2012-08-20
john123,John White Smith,21,M,2012-08-20
john123,John White Smith,21,M,2012-08-20
john123,John White Smith,21,M,2012-08-20
john123,John White Smith,21,M,2012-08-20
john123,John White Smith,21,M,2012-08-20
john123,John White Smith,21,M,2012-08-20
john123,John White Smith,21,M,2012-08-20
john123,John White Smith,21,M,2012-08-20
john123,John White Smith,21,M,2012-08-20
john123,John White Smith,21,M,2012-08-20
john123,John White Smith,21,M,2012-08-20
john123,John White Smith,21,M,2012-08-20
john123,John White Smith,21,M,2012-08-20
john123,John White Smith,21,M,2012-08-20
john123,John White Smith,21,M,2012-08-20
john123,John White Smith,21,M,2012-08-20
john123,John White Smith,21,M,2012-08-20
john123,John White Smith,21,M,2012-08-20
john123,John White Smith,21,M,2012-08-20
john123,John White Smith,21,M,2012-08-20
john123,John White Smith,21,M,2012-08-20
john123,John White Smith,21,M,2012-08-20
john123,John White Smith,21,M,2012-08-20
john123,John White Smith,21,M,2012-08-20
john123,John White Smith,21,M,2012-08-20
john123,John White Smith,21,M,2012-08-20
john123,John White Smith,21,M,2012-08-20
john123,John White Smith,21,M,2012-08-20
john123,John White Smith,21,M,2012-08-20
john123,John White Smith,21,M,2012-08-20
john123,John White Smith,21,M,2012-08-20
john123,John White Smith,21,M,2012-08-20
john123,John White Smith,21,M,2012-08-20
john123,John White Smith,21,M,2012-08-20
john123,John White Smith,21,M,2012-08-20
john123,John White Smith,21,M,2012-08-20
john123,John White Smith,21,M,2012-08-20
john123,John White Smith,21,M,2012-08-20
john123,John White Smith,21,M,2012-08-20
john123,John White Smith,21,M,2012-08-20
john123,John White Smith,21,M,2012-08-20
john123,John White Smith,21,M,2012-08-20
john123,John White Smith,21,M,2012-08-20
john123,John White Smith,21,M,2012-08-20
john123,John White Smith,21,M,2012-08-20
john123,John White Smith,21,M,2012-08-20
john123,John White Smith,21,M,2012-08-20
john123,John White Smith,28,M,2018-11-03
jackpeters,Jack Peters,29,M,2018-11-04
smiller,Sharon Miller,30,F,2018-11-05
jenniesummers,Jennie Summers,33,F,2018-11-08
john123,John White Smith,28,M,2018-11-03
jackpeters,Jack Peters,29,M,2018-11-04
smiller,Sharon Miller,30,F,2018-11-05
jenniesummers,Jennie Summers,33,F,2018-11-08
